avg_math,avg_english,avg_science,avg_attendance
69.7738085023644,71.79602138401559,66.56504906837765,74.04629629629629
