avg_math,avg_english,avg_science,avg_attendance
69.6039897608144,72.2098447617485,66.90564925402064,73.86614173228347
